hex_id,geometry,geom_time_min_5
8a1f99cd8b2ffff,"POLYGON ((514686.7288720664 5034245.22927061, 514760.6576387866 5034269.855964133, 514815.4131852533 5034220.677780982, 514808.0346991972 5034192.275320717, 514672.88964515453 5034191.958327318, 514686.7288720664 5034245.22927061))","POLYGON ((514805.5050523634 5034184.294513791, 514737.192124288 5034206.897709585, 514728.5456087876 5034220.120194122, 514731.9106786633 5034262.067177476, 514805.5050523634 5034184.294513791))"
8a1f99cd8b27fff,"POLYGON ((514538.8719992451 5034195.976115403, 514558.04602747853 5034269.780487885, 514631.97418022074 5034294.407072533, 514686.7288720664 5034245.22927061, 514672.88964515453 5034191.958327318, 514543.67969950545 5034191.657972803, 514538.8719992451 5034195.976115403))","POLYGON ((514672.496804923 5034237.331316007, 514630.9982154028 5034240.8674335, 514585.9663788903 5034261.049053423, 514620.9734793183 5034278.69482873, 514631.4139982921 5034283.9073554035, 514653.52500086435 5034286.51410412, 514670.25477377715 5034243.2808776535, 514672.496804923 5034237.331316007))"
8a1f99cdd49ffff,"POLYGON ((514503.29219027224 5034318.957908581, 514558.04602747853 5034269.780487885, 514538.8719992451 5034195.976115403, 514528.6473526285 5034192.570082598, 514522.0796510503 5034193.528406341, 514512.5542232851 5034195.890460351, 514503.30619758146 5034199.1748314975, 514494.4246445169 5034203.349886995, 514485.99510505865 5034208.375415602, 514478.09876669175 5034214.203014905, 514470.811681478 5034220.776557506, 514464.20403357426 5034228.032731598, 514458.3394632683 5034235.901650733, 514453.27445403923 5034244.307526938, 514449.0577885475 5034253.169400633, 514445.73007879395 5034262.401920389, 514443.3233749746 5034271.916164972, 514441.86085679283 5034281.620499768, 514441.35661021125 5034291.421459344, 514441.34064566885 5034298.320760689, 514503.29219027224 5034318.957908581))","POLYGON ((514485.28523002315 5034224.07642567, 514478.6340855293 5034297.8516766345, 514489.3827962451 5034322.017814406, 514545.507587814 5034291.695800035, 514510.093175197 5034243.853359906, 514485.28523002315 5034224.07642567))"
8a1f99cdd4d7fff,"POLYGON ((514725.0761277708 5034392.837799553, 514779.831146307 5034343.66047366, 514760.6576387866 5034269.855964133, 514686.7288720664 5034245.22927061, 514631.97418022074 5034294.407072533, 514651.1479284068 5034368.211091954, 514725.0761277708 5034392.837799553))","POLYGON ((514737.0783457392 5034328.759684789, 514730.2986671888 5034372.771515363, 514737.6391502403 5034389.653245875, 514745.7445091529 5034380.406772877, 514737.0783457392 5034328.759684789))"
8a1f99cdd48ffff,"POLYGON ((514631.97418022074 5034294.407072533, 514558.04602747853 5034269.780487885, 514503.29219027224 5034318.957908581, 514522.4661791178 5034392.761437903, 514596.3937645105 5034417.388036624, 514651.1479284068 5034368.211091954, 514631.97418022074 5034294.407072533))","POLYGON ((514588.34500952036 5034266.942712255, 514585.9270410905 5034267.892533314, 514583.4110555338 5034270.653007892, 514566.88984512317 5034298.40003427, 514566.00022921944 5034304.441645732, 514567.6355938106 5034310.577987642, 514603.79166363005 5034351.78999625, 514610.67996321834 5034354.83895463, 514614.4511662403 5034353.558999189, 514636.88036291965 5034326.8590546185, 514639.2822366868 5034319.387824715, 514620.0359447737 5034285.147379799, 514588.34500952036 5034266.942712255))"
8a1f99cdd487fff,"POLYGON ((514467.7128698772 5034441.93800135, 514522.4661791178 5034392.761437903, 514503.29219027224 5034318.957908581, 514441.34064566885 5034298.320760689, 514441.0288899466 5034433.048933949, 514467.7128698772 5034441.93800135))","POLYGON ((514490.8449739968 5034342.263048226, 514480.48529783456 5034342.672446132, 514427.63880897366 5034351.760831136, 514427.04145130474 5034356.558847426, 514434.0288487605 5034384.571322148, 514442.72734008543 5034399.389421109, 514508.0678921009 5034396.418109658, 514490.8449739968 5034342.263048226))"
8a1f99cdd4f7fff,"POLYGON ((514596.3937645105 5034417.388036624, 514615.5674732934 5034491.191212844, 514689.4951052852 5034515.817934499, 514744.2495958658 5034466.641465883, 514725.0761277708 5034392.837799553, 514651.1479284068 5034368.211091954, 514596.3937645105 5034417.388036624))","POLYGON ((514659.343407477 5034426.487620576, 514643.04905766953 5034454.20165338, 514643.07082813734 5034454.923834436, 514702.8066321726 5034478.227037289, 514705.3725619638 5034474.155782237, 514673.1927268469 5034428.130849687, 514659.343407477 5034426.487620576))"
8a1f99cdd4affff,"POLYGON ((514596.3937645105 5034417.388036624, 514522.4661791178 5034392.761437903, 514467.7128698772 5034441.93800135, 514486.88681934524 5034515.740687469, 514560.81383736845 5034540.367300241, 514615.5674732934 5034491.191212844, 514596.3937645105 5034417.388036624))","POLYGON ((514538.0476581803 5034424.172757424, 514498.186549799 5034470.785827128, 514497.88132597937 5034474.318006396, 514527.52830147545 5034500.472044692, 514585.13764391886 5034523.791434265, 514590.5598388894 5034525.20384385, 514607.4616278117 5034481.504230855, 514539.9768989576 5034424.932680345, 514538.0476581803 5034424.172757424))"
8a1f99cdd41ffff,"POLYGON ((514579.9875067587 5034614.169633223, 514653.9145713628 5034638.796368914, 514708.66853396624 5034589.62075759, 514689.4951052852 5034515.817934499, 514615.5674732934 5034491.191212844, 514560.81383736845 5034540.367300241, 514579.9875067587 5034614.169633223))","POLYGON ((514697.77815640625 5034505.678448325, 514603.20092016296 5034538.709272387, 514586.2895662288 5034613.549365095, 514627.90265469707 5034576.5508129075, 514697.77815640625 5034505.678448325))"
8a1f99cdd417fff,"POLYGON ((514451.3079481892 5034638.718236529, 514525.23439883 5034663.34486333, 514579.9875067587 5034614.169633223, 514560.81383736845 5034540.367300241, 514486.88681934524 5034515.740687469, 514440.7416372207 5034557.1854750775, 514440.6479158896 5034597.686733788, 514451.3079481892 5034638.718236529))","POLYGON ((514545.12892043893 5034549.862037355, 514502.17748385435 5034570.726763776, 514503.29974163 5034585.782995206, 514504.0739811226 5034592.428382004, 514506.38795365003 5034609.37601422, 514545.8691895413 5034631.953316233, 514545.12892043893 5034549.862037355))"
8a1f99cd8b6ffff,"POLYGON ((515018.0289616318 5034220.752930269, 515037.20198781247 5034294.558420019, 515111.13202898495 5034319.185454259, 515165.8896113523 5034270.006984664, 515146.7168258458 5034196.201004797, 515137.28698909376 5034193.059773303, 515049.09897648945 5034192.847971544, 515018.0289616318 5034220.752930269))","POLYGON ((515092.2842094419 5034127.70619467, 514967.6036241215 5034158.937326884, 514963.48899075517 5034163.182541662, 514968.7867042171 5034174.282633342, 515069.7423217387 5034265.501212468, 515090.93400876987 5034283.005400971, 515118.1317079417 5034302.957131862, 515127.9723947493 5034277.861785444, 515119.05120189796 5034232.723833696, 515095.27260582894 5034130.190833991, 515092.2842094419 5034127.70619467))"
8a1f99cd8b67fff,"POLYGON ((514944.09896701016 5034196.126018994, 514889.34256593353 5034245.304583382, 514908.51583278604 5034319.109583016, 514982.4452600405 5034343.736508373, 515037.20198781247 5034294.558420019, 515018.0289616318 5034220.752930269, 514944.09896701016 5034196.126018994))","POLYGON ((514969.644931929 5034201.281237095, 514931.216140629 5034271.591958921, 515022.5076170082 5034245.15736343, 514978.8824738016 5034202.725288906, 514969.644931929 5034201.281237095))"
8a1f99cdd4dffff,"POLYGON ((514779.831146307 5034343.66047366, 514853.75995962444 5034368.287290138, 514908.51583278604 5034319.109583016, 514889.34256593353 5034245.304583382, 514815.4131852533 5034220.677780982, 514760.6576387866 5034269.855964133, 514779.831146307 5034343.66047366))","POLYGON ((514878.14328801364 5034289.897070263, 514835.90539553406 5034295.39649982, 514831.929849469 5034297.098008778, 514830.51837523206 5034298.894448374, 514820.7331717079 5034370.595564882, 514831.0117902745 5034371.397493682, 514847.7033661566 5034371.2258251095, 514874.9578628579 5034324.4073568275, 514878.14328801364 5034289.897070263))"
8a1f99cdd797fff,"POLYGON ((515001.6182467535 5034417.5411549285, 515075.54772053653 5034442.168203236, 515130.3047749992 5034392.990590928, 515111.13202898495 5034319.185454259, 515037.20198781247 5034294.558420019, 514982.4452600405 5034343.736508373, 515001.6182467535 5034417.5411549285))","POLYGON ((515135.84985025646 5034363.536532785, 515039.5879754669 5034363.616486572, 515020.8820870371 5034365.915892648, 515025.23021344864 5034375.14733758, 515026.66577206715 5034376.37283705, 515042.85723810253 5034385.899258485, 515108.638652821 5034404.610269837, 515131.9220628184 5034410.321130534, 515139.1767221183 5034368.255059448, 515135.84985025646 5034363.536532785))"
8a1f99cdd4cffff,"POLYGON ((514946.86204690294 5034466.718386001, 515001.6182467535 5034417.5411549285, 514982.4452600405 5034343.736508373, 514908.51583278604 5034319.109583016, 514853.75995962444 5034368.287290138, 514872.9331870311 5034442.091446577, 514946.86204690294 5034466.718386001))","POLYGON ((514907.94220640085 5034406.597295853, 514891.84365245624 5034430.378319044, 514892.2772891016 5034475.018118484, 514973.5166131162 5034476.166607723, 515015.64635699673 5034476.211588831, 514971.5940255675 5034443.110669073, 514907.94220640085 5034406.597295853))"
8a1f99cdd4c7fff,"POLYGON ((514853.75995962444 5034368.287290138, 514779.831146307 5034343.66047366, 514725.0761277708 5034392.837799553, 514744.2495958658 5034466.641465883, 514818.17784180655 5034491.26829642, 514872.9331870311 5034442.091446577, 514853.75995962444 5034368.287290138))","POLYGON ((514752.9563829206 5034375.457665342, 514750.514940589 5034383.084295861, 514796.8579584888 5034426.787700594, 514799.5735696946 5034428.904938241, 514802.9873412783 5034430.012839138, 514841.8713137474 5034430.771139049, 514837.12439613783 5034381.743941598, 514814.14955913863 5034377.634698999, 514752.9563829206 5034375.457665342))"
8a1f99cdd7b7fff,"POLYGON ((515075.54772053653 5034442.168203236, 515001.6182467535 5034417.5411549285, 514946.86204690294 5034466.718386001, 514966.03499415406 5034540.5221893145, 515039.9639005331 5034565.14925167, 515094.7204270681 5034515.972496669, 515075.54772053653 5034442.168203236))","POLYGON ((515021.44948768284 5034458.87210596, 515016.9316687999 5034487.957614064, 515016.92448610463 5034494.234577968, 515016.93161350314 5034494.523447229, 515031.88615249563 5034458.897062989, 515027.6411270326 5034458.886909836, 515024.2951401114 5034458.878909003, 515021.44948768284 5034458.87210596))"
8a1f99cdd4effff,"POLYGON ((514837.3510297743 5034565.071609619, 514911.27932224714 5034589.698563087, 514966.03499415406 5034540.5221893145, 514946.86204690294 5034466.718386001, 514872.9331870311 5034442.091446577, 514818.17784180655 5034491.26829642, 514837.3510297743 5034565.071609619))","POLYGON ((514852.3497129878 5034466.08029995, 514842.33109775797 5034467.800851213, 514835.1562612887 5034496.813553071, 514852.8252664452 5034585.7106764205, 514940.98234485096 5034586.608474434, 515066.0561550654 5034531.247502602, 515056.0397400708 5034489.650991512, 515050.59631938423 5034487.33824338, 514852.3497129878 5034466.08029995))"
8a1f99cdd4e7fff,"POLYGON ((514744.2495958658 5034466.641465883, 514689.4951052852 5034515.817934499, 514708.66853396624 5034589.62075759, 514782.5962125127 5034614.247602167, 514837.3510297743 5034565.071609619, 514818.17784180655 5034491.26829642, 514744.2495958658 5034466.641465883))","POLYGON ((514767.38827388803 5034525.116979012, 514761.14867809415 5034538.889455843, 514757.07083966077 5034550.933902261, 514761.0889874076 5034550.987778762, 514767.317557176 5034535.248858898, 514767.37140781805 5034532.293805329, 514767.3812246041 5034528.116581333, 514767.38827388803 5034525.116979012))"
8a1f99cdd45ffff,"POLYGON ((514966.03499415406 5034540.5221893145, 514911.27932224714 5034589.698563087, 514930.4522300441 5034663.501523124, 515004.3805690034 5034688.128599505, 515059.1365675874 5034638.952701827, 515039.9639005331 5034565.14925167, 514966.03499415406 5034540.5221893145))","POLYGON ((514962.8628561956 5034590.304521123, 514934.37993723096 5034693.690315476, 514947.6992471564 5034717.396766234, 514951.81661369646 5034718.417545534, 514955.7586211022 5034717.571479793, 515027.51760432316 5034615.144571683, 515030.74655029515 5034605.220219979, 514962.8628561956 5034590.304521123))"
8a1f99cdd6b7fff,"POLYGON ((515146.7168258458 5034196.201004797, 515165.8896113523 5034270.006984664, 515239.82026642386 5034294.634127785, 515294.5787033707 5034245.45527695, 515281.05847386894 5034193.407723593, 515150.1797571925 5034193.090841638, 515146.7168258458 5034196.201004797))","POLYGON ((515150.16080448264 5034108.836761359, 515158.721935761 5034309.709621394, 515244.045263199 5034284.696998493, 515291.6663051558 5034235.818921728, 515306.9181635546 5034217.036222625, 515152.4963189281 5034109.720057889, 515150.16080448264 5034108.836761359))"
8a1f99cdd6a7fff,"POLYGON ((515258.9927717381 5034368.439754577, 515332.92347329314 5034393.067020656, 515387.68223693466 5034343.88864587, 515368.50997232524 5034270.08252895, 515294.5787033707 5034245.45527695, 515239.82026642386 5034294.634127785, 515258.9927717381 5034368.439754577))","POLYGON ((515293.529182075 5034315.23558711, 515273.2703750525 5034335.561507315, 515314.3361216535 5034394.054038933, 515390.31419575895 5034322.126583405, 515293.529182075 5034315.23558711))"
8a1f99cdd79ffff,"POLYGON ((515165.8896113523 5034270.006984664, 515111.13202898495 5034319.185454259, 515130.3047749992 5034392.990590928, 515204.2348626785 5034417.61774812, 515258.9927717381 5034368.439754577, 515239.82026642386 5034294.634127785, 515165.8896113523 5034270.006984664))","POLYGON ((515194.4388809074 5034227.006405091, 515141.19940289966 5034320.477115291, 515149.7997532365 5034329.952196919, 515172.4468519373 5034349.982074879, 515221.15733471024 5034380.229377997, 515241.4137537577 5034383.322533289, 515235.69615712017 5034284.48788636, 515194.4388809074 5034227.006405091))"
8a1f99cdd617fff,"POLYGON ((515387.68223693466 5034343.88864587, 515332.92347329314 5034393.067020656, 515352.09569837345 5034466.872294338, 515422.6699032808 5034490.38154782, 515422.9984240395 5034355.652742915, 515387.68223693466 5034343.88864587))","POLYGON ((515391.51500527246 5034409.59620776, 515308.11999948684 5034410.481252017, 515307.7681144784 5034413.724427822, 515391.7385426882 5034423.661639071, 515391.6119372077 5034414.706908447, 515391.5569051836 5034411.640495689, 515391.51500527246 5034409.59620776))"
8a1f99cdd78ffff,"POLYGON ((515223.4073284863 5034491.422531679, 515297.3374626256 5034516.049811811, 515352.09569837345 5034466.872294338, 515332.92347329314 5034393.067020656, 515258.9927717381 5034368.439754577, 515204.2348626785 5034417.61774812, 515223.4073284863 5034491.422531679))","POLYGON ((515230.15354660706 5034416.602117007, 515191.46152880153 5034456.070107872, 515199.4638362881 5034476.742394788, 515246.61638613825 5034533.216148249, 515281.1387634127 5034533.422212924, 515298.6148917965 5034474.138919166, 515298.2440491205 5034469.116430569, 515288.11472481245 5034455.237979454, 515275.86218150775 5034443.231923129, 515270.5654863886 5034438.46409692, 515246.05483071605 5034419.895818592, 515230.15354660706 5034416.602117007))"
8a1f99cdd787fff,"POLYGON ((515168.64994733664 5034540.599667913, 515223.4073284863 5034491.422531679, 515204.2348626785 5034417.61774812, 515130.3047749992 5034392.990590928, 515075.54772053653 5034442.168203236, 515094.7204270681 5034515.972496669, 515168.64994733664 5034540.599667913))","POLYGON ((515131.4827879814 5034475.867309344, 515086.1923388041 5034476.791616439, 515141.6486706015 5034477.947091607, 515131.4827879814 5034475.867309344))"
8a1f99cdd637fff,"POLYGON ((515352.09569837345 5034466.872294338, 515297.3374626256 5034516.049811811, 515316.5096481847 5034589.85424222, 515390.43982873985 5034614.48164528, 515422.4373650982 5034585.745454981, 515422.6699032808 5034490.38154782, 515352.09569837345 5034466.872294338))","POLYGON ((515379.75680526916 5034495.912033943, 515339.8615165492 5034506.10210261, 515338.8219050846 5034518.853505119, 515449.35670062655 5034671.338381653, 515461.2372205258 5034678.544475024, 515449.1804395113 5034647.640941962, 515379.75680526916 5034495.912033943))"
8a1f99cdd7affff,"POLYGON ((515297.3374626256 5034516.049811811, 515223.4073284863 5034491.422531679, 515168.64994733664 5034540.599667913, 515187.8223736461 5034614.403608195, 515261.7519403541 5034639.0309023615, 515316.5096481847 5034589.85424222, 515297.3374626256 5034516.049811811))","POLYGON ((515261.3211918814 5034559.07079648, 515225.7115548913 5034559.17327715, 515222.0442113159 5034559.531012347, 515218.91480277403 5034560.5010862285, 515216.5508473717 5034561.750757822, 515214.26428882027 5034563.32279911, 515217.4401379422 5034601.281239163, 515226.1516719492 5034603.379857149, 515255.2708175339 5034607.172235528, 515280.94351899414 5034562.273639963, 515261.3211918814 5034559.07079648))"
8a1f99cdd7a7fff,"POLYGON ((515059.1365675874 5034638.952701827, 515133.06552043004 5034663.579887101, 515187.8223736461 5034614.403608195, 515168.64994733664 5034540.599667913, 515094.7204270681 5034515.972496669, 515039.9639005331 5034565.14925167, 515059.1365675874 5034638.952701827))","POLYGON ((515135.3813998611 5034528.814429248, 515085.75426235935 5034574.600382777, 515085.710731305 5034589.476170825, 515119.89773477375 5034602.223401462, 515121.8145580661 5034601.59476095, 515122.98842038156 5034601.086539622, 515131.90935063845 5034574.678031109, 515134.4020898277 5034555.653112688, 515135.3813998611 5034528.814429248))"
8a1f99cdd71ffff,"POLYGON ((515280.9240863998 5034712.8344894545, 515354.85369950347 5034737.461906535, 515409.61173401243 5034688.285722507, 515390.43982873985 5034614.48164528, 515316.5096481847 5034589.85424222, 515261.7519403541 5034639.0309023615, 515280.9240863998 5034712.8344894545))","POLYGON ((515305.59099730017 5034566.122036015, 515272.3149980557 5034661.095710533, 515279.4482571563 5034666.012432628, 515333.6298683439 5034695.496263825, 515370.29853809695 5034706.362270309, 515378.35451754247 5034602.517331749, 515365.90635705646 5034584.378058606, 515305.59099730017 5034566.122036015))"
8a1f99cdd457fff,"POLYGON ((514801.7693610492 5034688.050072089, 514875.6970861056 5034712.677039577, 514930.4522300441 5034663.501523124, 514911.27932224714 5034589.698563087, 514837.3510297743 5034565.071609619, 514782.5962125127 5034614.247602167, 514801.7693610492 5034688.050072089))","POLYGON ((514895.921408557 5034590.001048687, 514853.37670781394 5034590.544699988, 514794.77085931064 5034605.9822413875, 514842.3921380903 5034693.49457412, 514855.17588951596 5034705.801006242, 514909.47285141144 5034687.354183806, 514912.4016364094 5034606.171425258, 514895.921408557 5034590.001048687))"
8a1f99cdd44ffff,"POLYGON ((515023.55319658964 5034761.93120635, 515097.4815819912 5034786.558405633, 515152.23790724884 5034737.382984069, 515133.06552043004 5034663.579887101, 515059.1365675874 5034638.952701827, 515004.3805690034 5034688.128599505, 515023.55319658964 5034761.93120635))","POLYGON ((515130.88495025196 5034675.44058242, 515018.27080876136 5034732.307624667, 515047.33744992473 5034767.617152455, 515053.94415275 5034773.721096711, 515083.35781934066 5034797.821932312, 515086.22871578654 5034793.762671986, 515134.2566906436 5034680.936896989, 515130.88495025196 5034675.44058242))"
8a1f99cdd447fff,"POLYGON ((514968.7977259789 5034811.1062466875, 515023.55319658964 5034761.93120635, 515004.3805690034 5034688.128599505, 514930.4522300441 5034663.501523124, 514875.6970861056 5034712.677039577, 514894.8699544571 5034786.479156301, 514968.7977259789 5034811.1062466875))","POLYGON ((515007.57992795244 5034658.891372815, 514916.4761252264 5034697.736158679, 514904.2625702519 5034761.476878997, 514905.97743234783 5034763.5695714485, 514926.7043227575 5034788.637832419, 514938.14258625405 5034794.597598635, 514962.1476098175 5034788.899887532, 514980.74231346307 5034750.726806621, 515007.57992795244 5034658.891372815))"
8a1f99cdd477fff,"POLYGON ((514875.6970861056 5034712.677039577, 514801.7693610492 5034688.050072089, 514747.01507177117 5034737.22520732, 514766.18818088336 5034811.02683393, 514840.1153385095 5034835.653815418, 514894.8699544571 5034786.479156301, 514875.6970861056 5034712.677039577))","POLYGON ((514798.87514776585 5034605.958577128, 514797.62383875105 5034609.48851524, 514775.27381404827 5034802.122607205, 514807.42087086296 5034834.383099764, 514810.6204999218 5034836.701459771, 514842.3921380903 5034693.49457412, 514798.87514776585 5034605.958577128))"
8a1f99cdd46ffff,"POLYGON ((515097.4815819912 5034786.558405633, 515023.55319658964 5034761.93120635, 514968.7977259789 5034811.1062466875, 514987.970314104 5034884.908010175, 515061.898132047 5034909.535223446, 515116.6539293244 5034860.360659245, 515097.4815819912 5034786.558405633))","POLYGON ((515066.23198778596 5034816.556248847, 514947.81202686345 5034817.86209957, 514981.7614951853 5034854.416124568, 514992.88467083493 5034861.308455978, 515050.51806199853 5034852.913990095, 515058.1092480128 5034849.39929138, 515072.72182309814 5034825.726212644, 515066.23198778596 5034816.556248847))"
8a1f99cdd467fff,"POLYGON ((514840.1153385095 5034835.653815418, 514859.2881674209 5034909.455088785, 514933.2153714917 5034934.082193155, 514987.970314104 5034884.908010175, 514968.7977259789 5034811.1062466875, 514894.8699544571 5034786.479156301, 514840.1153385095 5034835.653815418))","POLYGON ((514928.1954760981 5034828.947387889, 514869.2606010015 5034865.35857446, 514843.4725945687 5034881.417782965, 514849.5934141214 5034891.375433437, 514861.9041060778 5034888.6826627515, 514931.5257996991 5034842.042535347, 514940.78972058435 5034835.287636266, 514928.1954760981 5034828.947387889))"
8a1f99cdd55ffff,"POLYGON ((514840.1153385095 5034835.653815418, 514766.18818088336 5034811.02683393, 514711.4344196134 5034860.201111825, 514730.60748930956 5034934.00189508, 514804.5340794891 5034958.628890547, 514859.2881674209 5034909.455088785, 514840.1153385095 5034835.653815418))","POLYGON ((514800.2276478236 5034851.530646685, 514763.3119067708 5034872.574458412, 514720.68753455346 5034897.937894404, 514715.8261558231 5034904.2145999465, 514724.22763675166 5034918.421377615, 514804.2882156519 5034879.947730684, 514812.9335717042 5034873.535587037, 514815.8513452856 5034869.3985462375, 514800.2276478236 5034851.530646685))"
8a1f99cdd097fff,"POLYGON ((514987.970314104 5034884.908010175, 514933.2153714917 5034934.082193155, 514952.3879201633 5035007.883113254, 515026.3151706326 5035032.51034049, 515081.0704399051 5034983.336633668, 515061.898132047 5034909.535223446, 514987.970314104 5034884.908010175))","POLYGON ((515053.3537780092 5034863.519444554, 515006.0320302962 5034868.394506341, 514969.78699368786 5034981.715948463, 514988.3221032967 5034978.138372726, 514993.78346273204 5034976.040558777, 515001.02032007516 5034970.247455263, 515013.78025846183 5034956.168602865, 515025.74460161634 5034938.110597897, 515051.41938005213 5034891.10021554, 515062.3262594696 5034867.50711329, 515062.2667045818 5034866.262683227, 515053.3537780092 5034863.519444554))"
8a1f99cdd54ffff,"POLYGON ((514823.7068689702 5035032.429320524, 514897.6335055723 5035057.056438857, 514952.3879201633 5035007.883113254, 514933.2153714917 5034934.082193155, 514859.2881674209 5034909.455088785, 514804.5340794891 5034958.628890547, 514823.7068689702 5035032.429320524))","POLYGON ((514854.1119527845 5034911.1391731305, 514778.3045258161 5034999.238143098, 514865.94980566076 5035035.584793547, 514871.15342812624 5035033.35294689, 514918.45563316415 5034999.9248747, 514922.66449296963 5034991.9692084715, 514919.7584633455 5034987.86282433, 514854.1119527845 5034911.1391731305))"
8a1f99cdd40ffff,"POLYGON ((514747.01507177117 5034737.22520732, 514801.7693610492 5034688.050072089, 514782.5962125127 5034614.247602167, 514708.66853396624 5034589.62075759, 514653.9145713628 5034638.796368914, 514673.08796063333 5034712.598348725, 514747.01507177117 5034737.22520732))","POLYGON ((514739.428491839 5034620.028160381, 514733.751715499 5034687.228541299, 514739.5856297289 5034719.671445093, 514768.61246510316 5034689.454553406, 514790.95608824625 5034645.745992144, 514790.7394735468 5034644.778938195, 514739.428491839 5034620.028160381))"
8a1f99cdd407fff,"POLYGON ((514653.9145713628 5034638.796368914, 514579.9875067587 5034614.169633223, 514525.23439883 5034663.34486333, 514544.40802883403 5034737.146353036, 514618.33452603314 5034761.773102737, 514673.08796063333 5034712.598348725, 514653.9145713628 5034638.796368914))","POLYGON ((514652.5657440657 5034647.59925879, 514595.4574768934 5034651.476949984, 514581.31045945355 5034680.629288453, 514592.2820818104 5034692.508809427, 514598.2679620795 5034696.866606613, 514694.5489581243 5034689.747519383, 514652.5657440657 5034647.59925879))"
8a1f99cdd437fff,"POLYGON ((514489.6554489235 5034786.320725835, 514544.40802883403 5034737.146353036, 514525.23439883 5034663.34486333, 514451.3079481892 5034638.718236529, 514440.5305682042 5034648.397667026, 514440.24948943494 5034769.862193556, 514489.6554489235 5034786.320725835))","POLYGON ((514541.1480522489 5034672.203941707, 514461.7007347729 5034739.2898240425, 514465.18651616125 5034749.818734641, 514511.8914446346 5034738.039049191, 514541.1480522489 5034672.203941707))"
8a1f99cdd42ffff,"POLYGON ((514618.33452603314 5034761.773102737, 514637.5078759027 5034835.574239236, 514711.4344196134 5034860.201111825, 514766.18818088336 5034811.02683393, 514747.01507177117 5034737.22520732, 514673.08796063333 5034712.598348725, 514618.33452603314 5034761.773102737))","POLYGON ((514667.840156623 5034761.90928941, 514632.6339230166 5034851.126998511, 514749.07804948546 5034855.343205619, 514768.73897727876 5034795.274775535, 514667.840156623 5034761.90928941))"
8a1f99cdd427fff,"POLYGON ((514618.33452603314 5034761.773102737, 514544.40802883403 5034737.146353036, 514489.6554489235 5034786.320725835, 514508.8290395469 5034860.121372225, 514582.7549693256 5034884.748135916, 514637.5078759027 5034835.574239236, 514618.33452603314 5034761.773102737))","POLYGON ((514511.8914446346 5034738.039049191, 514473.7138408513 5034740.272918937, 514510.2445252603 5034899.414786344, 514511.42432881787 5034899.673034314, 514527.6447413777 5034879.52418585, 514561.0038487031 5034743.329790505, 514557.0521453431 5034741.643069169, 514511.8914446346 5034738.039049191))"
8a1f99cdd557fff,"POLYGON ((514601.92827980185 5034958.548429062, 514675.85425607365 5034983.175315628, 514730.60748930956 5034934.00189508, 514711.4344196134 5034860.201111825, 514637.5078759027 5034835.574239236, 514582.7549693256 5034884.748135916, 514601.92827980185 5034958.548429062))","POLYGON ((514730.2400461331 5034894.660699764, 514720.34237267636 5034895.11522048, 514636.43829177617 5034946.223825191, 514650.61917373544 5034942.635111986, 514724.22763675166 5034918.421377615, 514734.39772555634 5034911.790505394, 514730.2400461331 5034894.660699764))"
8a1f99cdd50ffff,"POLYGON ((514547.1759012756 5035007.721468397, 514601.92827980185 5034958.548429062, 514582.7549693256 5034884.748135916, 514508.8290395469 5034860.121372225, 514454.07698767964 5034909.294887696, 514473.2505389319 5034983.094690731, 514547.1759012756 5035007.721468397))","POLYGON ((514522.07338426646 5034885.277242661, 514521.6240810315 5034886.887111274, 514519.6130850068 5034894.503720668, 514506.88687053235 5034958.732855349, 514498.83197069576 5035000.786716609, 514496.60090218455 5035015.724122811, 514494.3459316638 5035030.861449683, 514493.1786349736 5035038.746648335, 514495.68405071134 5035030.253503005, 514528.5256087809 5034887.358563904, 514522.07338426646 5034885.277242661))"
8a1f99cdd547fff,"POLYGON ((514823.7068689702 5035032.429320524, 514804.5340794891 5034958.628890547, 514730.60748930956 5034934.00189508, 514675.85425607365 5034983.175315628, 514695.02728635975 5035056.9752554875, 514699.9168404846 5035058.604082006, 514794.3146559479 5035058.825652776, 514823.7068689702 5035032.429320524))","POLYGON ((514852.07044742245 5034898.424842293, 514842.11306364485 5034900.9898743415, 514743.10493741126 5034995.5670110835, 514715.2034476315 5035023.231430981, 514728.4016614443 5035048.62582071, 514847.40034365875 5034909.712376611, 514852.07044742245 5034898.424842293))"
8a1f99cdd577fff,"POLYGON ((514695.02728635975 5035056.9752554875, 514675.85425607365 5034983.175315628, 514601.92827980185 5034958.548429062, 514547.1759012756 5035007.721468397, 514560.3109179501 5035058.278998522, 514693.23101120535 5035058.588442796, 514695.02728635975 5035056.9752554875))","POLYGON ((514638.1974029815 5034952.827088709, 514529.79040866427 5035019.878051986, 514572.0698995428 5035021.186928678, 514576.53360157216 5035021.119515206, 514582.5455905275 5035020.8335041795, 514685.07840012514 5035005.685376423, 514638.1974029815 5034952.827088709))"
8a1f99cdd717fff,"POLYGON ((515187.8223736461 5034614.403608195, 515133.06552043004 5034663.579887101, 515152.23790724884 5034737.382984069, 515226.1669065093 5034762.01029225, 515280.9240863998 5034712.8344894545, 515261.7519403541 5034639.0309023615, 515187.8223736461 5034614.403608195))","POLYGON ((515164.2663537313 5034636.29268576, 515136.61509854137 5034681.964670721, 515186.5873178531 5034700.216290065, 515235.1426919313 5034709.454901037, 515212.0707792132 5034655.628025023, 515210.7628746709 5034653.3806982925, 515164.2663537313 5034636.29268576))"
8a1f99cdd707fff,"POLYGON ((515245.33901304856 5034835.813035992, 515319.26805868326 5034860.440467065, 515374.02556524536 5034811.265140408, 515354.85369950347 5034737.461906535, 515280.9240863998 5034712.8344894545, 515226.1669065093 5034762.01029225, 515245.33901304856 5034835.813035992))","POLYGON ((515278.4571686431 5034790.683158791, 515269.1676818708 5034807.780638143, 515272.61300180457 5034808.65556898, 515278.4571686431 5034790.683158791))"
8a1f99cdd737fff,"POLYGON ((515190.58236112236 5034884.987981419, 515245.33901304856 5034835.813035992, 515226.1669065093 5034762.01029225, 515152.23790724884 5034737.382984069, 515097.4815819912 5034786.558405633, 515116.6539293244 5034860.360659245, 515190.58236112236 5034884.987981419))","POLYGON ((515284.7805477214 5034746.048620978, 515114.821679185 5034755.9806180475, 515089.24347611045 5034794.903101302, 515076.46105068794 5034818.147253646, 515081.6062993245 5034827.314000546, 515152.6180475214 5034853.548227258, 515254.18936125486 5034852.982991459, 515258.6752416708 5034840.6176676955, 515287.94707460015 5034749.067055411, 515284.7805477214 5034746.048620978))"
8a1f99cdd72ffff,"POLYGON ((515374.02556524536 5034811.265140408, 515319.26805868326 5034860.440467065, 515338.439884905 5034934.24285755, 515412.36897686566 5034958.870411508, 515421.5475935096 5034950.627538421, 515421.8485895696 5034827.195884135, 515374.02556524536 5034811.265140408))","POLYGON ((515383.88224939664 5034844.9002561495, 515374.7985960354 5034848.077618619, 515270.160074998 5034975.206382139, 515362.5930399985 5034929.13754355, 515375.7445969467 5034915.11592904, 515406.673544694 5034878.385220085, 515417.5942689219 5034862.447353278, 515417.2969482448 5034859.369233807, 515416.65763166716 5034855.49037604, 515383.88224939664 5034844.9002561495))"
8a1f99cdd727fff,"POLYGON ((515319.26805868326 5034860.440467065, 515245.33901304856 5034835.813035992, 515190.58236112236 5034884.987981419, 515209.7544281639 5034958.789881769, 515283.6829063126 5034983.41732682, 515338.439884905 5034934.24285755, 515319.26805868326 5034860.440467065))","POLYGON ((515272.02056033927 5034840.127934577, 515258.6752416708 5034840.6176676955, 515250.18478897575 5034840.974784516, 515216.952317659 5034928.594260005, 515230.5268793328 5034946.324920256, 515265.47730115074 5034972.117612641, 515368.59104331955 5034841.9409816, 515272.02056033927 5034840.127934577))"
8a1f99cdd09ffff,"POLYGON ((515081.0704399051 5034983.336633668, 515154.9983042237 5035007.963969814, 515209.7544281639 5034958.789881769, 515190.58236112236 5034884.987981419, 515116.6539293244 5034860.360659245, 515061.898132047 5034909.535223446, 515081.0704399051 5034983.336633668))","POLYGON ((515140.25158361724 5034876.060014915, 515121.36577660486 5035086.89905947, 515132.1060236348 5035067.549580358, 515205.7169258262 5034932.688761337, 515206.84266241617 5034926.203415056, 515203.8158200068 5034923.629746828, 515142.2208773947 5034876.331393593, 515140.25158361724 5034876.060014915))"
8a1f99cdd0d7fff,"POLYGON ((515412.36897686566 5034958.870411508, 515338.439884905 5034934.24285755, 515283.6829063126 5034983.41732682, 515302.8546930215 5035057.218873874, 515311.39706805674 5035060.064512996, 515321.2865864374 5035060.088621708, 515331.0890308411 5035059.630425382, 515340.79936819954 5035058.213665506, 515350.3240900416 5035055.851985174, 515359.5714753344 5035052.568126863, 515368.4524737362 5035048.393713426, 515376.881563133 5035043.368943571, 515384.77757319715 5035037.542204754, 515392.0644670419 5035030.969607227, 515398.67207343824 5035023.714443695, 515404.536762551 5035015.846579832, 515409.60205867863 5035007.441781483, 515413.8191841037 5034998.580985057, 515417.1475288102 5034989.349518126, 515418.6965497627 5034983.228588187, 515412.36897686566 5034958.870411508))","POLYGON ((515417.1219304987 5034866.978956335, 515341.1221398598 5034889.523400524, 515263.501781027 5034974.423633077, 515264.20801415655 5034982.968717079, 515306.5999187322 5035008.779724866, 515326.6961085581 5035019.027432729, 515417.1219304987 5034866.978956335))"
8a1f99cdd08ffff,"POLYGON ((515302.8546930215 5035057.218873874, 515283.6829063126 5034983.41732682, 515209.7544281639 5034958.789881769, 515154.9983042237 5035007.963969814, 515168.4429451662 5035059.717757675, 515299.71762419224 5035060.036060845, 515302.8546930215 5035057.218873874))","POLYGON ((515261.5027571297 5034976.751816466, 515166.609598612 5035090.51878571, 515191.48501316464 5035070.392536782, 515266.75106258405 5034985.163509108, 515267.8699540374 5034978.300426138, 515261.5027571297 5034976.751816466))"
8a1f99cdd087fff,"POLYGON ((515154.9983042237 5035007.963969814, 515081.0704399051 5034983.336633668, 515026.3151706326 5035032.51034049, 515033.2989167559 5035059.392937852, 515168.4429451662 5035059.717757675, 515154.9983042237 5035007.963969814))","POLYGON ((515201.7210880803 5034926.746506851, 515159.1777896911 5034992.435422734, 515135.12715236633 5035033.538919898, 515082.99129603425 5035123.080026748, 515108.73280053475 5035100.2003216185, 515121.36577660486 5035086.89905947, 515132.1060236348 5035067.549580358, 515203.1004697537 5034931.738104323, 515202.78703694313 5034928.815492105, 515201.7210880803 5034926.746506851))"
